{"1":{"height":80,"width":94.25,"x":0,"y":0},"11":{"height":65.001678,"width":80,"x":0,"y":160},"2":{"height":80,"width":94.25,"x":94.25,"y":0},"22":{"height":64.99765,"width":80,"x":0,"y":225.001678},"3":{"height":80,"width":94.25,"x":188.5,"y":0},"33":{"height":65.000671,"width":80,"x":0,"y":289.999329},"4":{"height":80,"width":94.25,"x":282.75,"y":0},"44":{"height":65.000671,"width":80,"x":80,"y":160},"5":{"height":80,"width":94.249992,"x":0,"y":80},"55":{"height":64.997681,"width":80,"x":80,"y":225.000671},"6":{"height":80,"width":94.249977,"x":94.249992,"y":80},"66":{"height":65.001648,"width":80,"x":80,"y":289.998352},"7":{"height":80,"width":94.250031,"x":188.499969,"y":80},"8":{"height":80,"width":94.25,"x":282.75,"y":80},"Text":{"height":195,"width":217,"x":160,"y":160},"root":{"height":355,"width":377}}
