{"1": {"height": 80.0, "width": 87.49999212499873, "x": 0, "y": 0}, "11": {"height": 103.33503166666405, "width": 80.0, "x": 0, "y": 80}, "2": {"height": 80.0, "width": 87.49999212499873, "x": 87.49999212499873, "y": 0}, "22": {"height": 103.33098866666406, "width": 80.0, "x": 0, "y": 183.33503166666407}, "3": {"height": 80.0, "width": 87.49998512499872, "x": 174.99998424999745, "y": 0}, "33": {"height": 103.33400966666406, "width": 80.0, "x": 0, "y": 286.6660203333281}, "4": {"height": 80.0, "width": 87.50000012499872, "x": 262.49996937499617, "y": 0}, "44": {"height": 103.33399466666405, "width": 80.0, "x": 0, "y": 390.0000299999922}, "5": {"height": 80.0, "width": 87.50000012499872, "x": 349.9999694999949, "y": 0}, "55": {"height": 103.33103466666405, "width": 80.0, "x": 0, "y": 493.33402466665626}, "6": {"height": 80.0, "width": 87.49996912499871, "x": 437.49996962499364, "y": 0}, "66": {"height": 103.33494066666405, "width": 80.0, "x": 0, "y": 596.6650593333203}, "7": {"height": 80.0, "width": 87.50006112499872, "x": 524.9999387499923, "y": 0}, "8": {"height": 80.0, "width": 87.50000012499872, "x": 612.4999998749911, "y": 0}, "Text": {"height": 620, "width": 620, "x": 80, "y": 80}, "root": {"height": 700, "width": 700}}