{"1":{"height":80,"width":94.25,"x":0,"y":0},"11":{"height":65.001999,"width":80,"x":0,"y":160},"2":{"height":80,"width":94.25,"x":94.25,"y":0},"22":{"height":64.996994,"width":80,"x":0,"y":225.001999},"3":{"height":80,"width":94.25,"x":188.5,"y":0},"33":{"height":65.001007,"width":80,"x":0,"y":289.998993},"4":{"height":80,"width":94.25,"x":282.75,"y":0},"44":{"height":65.001007,"width":80,"x":80,"y":160},"5":{"height":80,"width":94.25,"x":0,"y":80},"55":{"height":64.996979,"width":80,"x":80,"y":225.001007},"6":{"height":80,"width":94.249985,"x":189.149002,"y":81.294479},"66":{"height":65.002014,"width":80,"x":80,"y":289.997986},"7":{"height":80,"width":94.25,"x":93.600998,"y":80},"8":{"height":80,"width":94.25,"x":282.75,"y":80},"Text":{"height":195,"width":217.000015,"x":160.000473,"y":159.999695},"root":{"height":355.000427,"width":377.000153}}
